title,file,category
2021 Vanuatu - Port Vila,2021.Vanuatu.Port.Vila.pdf,2021 Tidal Predication Calendar
2021 Vanuatu - Luganville Wharf,2021.Vanuatu.Luganville.Wharf.pdf,2021 Tidal Predication Calendar
2021 Tuvalu - Vaitupo,2021.Tuvalu.Vaitupo.pdf,2021 Tidal Predication Calendar
2021 Tuvalu - Funafuti,2021.Tuvalu.Funafuti.pdf,2021 Tidal Predication Calendar
2021 Tonga - Nukualofa,2021.Tonga.Nukualofa.pdf,2021 Tidal Predication Calendar
2021 Tonga - Neiafu,2021.Tonga.Neiafu.pdf,2021 Tidal Predication Calendar
2021 Solomon Islands - Terekukure Wharf,2021.Solomon.Islands.Terekukure.Wharf.pdf,2021 Tidal Predication Calendar
2021 Solomon Islands - Lata Wharf,2021.Solomon.Islands.Lata.Wharf.pdf,2021 Tidal Predication Calendar
2021 Solomon Islands - Honiara,2021.Solomon.Islands.Honiara.pdf,2021 Tidal Predication Calendar
2021 Samoa - Apia,2021.Samoa.Apia.pdf,2021 Tidal Predication Calendar
2021 Papua New Guinea-  Port Moresby,2021.Papua.New.Guinea.Port.Moresby.pdf,2021 Tidal Predication Calendar
2021 Papua New Guinea - Lombrum,2021.Papua.New.Guinea.Lombrum.pdf,2021 Tidal Predication Calendar
2021 Palau -  Malakal,2021.Palau.Islands.Malakal.pdf,2021 Tidal Predication Calendar
2021 Niue,2021.Niue.pdf,2021 Tidal Predication Calendar
2021 Nauru,2021.Nauru.pdf,2021 Tidal Predication Calendar
2021 Marshall Islands - Majuro,2021.Marshall.Island.Majuro.pdf,2021 Tidal Predication Calendar
2021 Kiribati - Kiritimati,2021.Kiribati.Kiritimati.pdf,2021 Tidal Predication Calendar
2021 Kiribati - Kanton,2021.Kiribati.Kanton.pdf,2021 Tidal Predication Calendar
2021 Kiribati - Betio,2021.Kiribati.Betio.pdf,2021 Tidal Predication Calendar
2021 FSM - Pohnpei Harbour,2021.Pohnpei.Harbour.pdf,2021 Tidal Predication Calendar
2021 Fiji Islands - Suva,2021.Suva.Calendar.pdf,2021 Tidal Predication Calendar
2021 Fiji Islands - Lautoka,2021.Lautoka.Calendar.pdf,2021 Tidal Predication Calendar
2021 Cook Islands - Rarotonga,2021.Cook.Islands.Rarotonga.pdf,2021 Tidal Predication Calendar
Wave Bouys – Know Your Ocean,WAVE.BUOY.pdf,Factsheet
Traditional Knowledge and our Ocean,Traditional.knowledge.and.our.Ocean.Factsheet.2018.pdf,Factsheet
Tides and Extreme Tide Events,Tide.and.Extreme.Tide.Events.Factsheet.November.2018.pdf,Factsheet
Pacific Sea Level Monitoring Project,COSPPac.PSLM.Fact.Sheet.pdf,Factsheet
Pacific Ocean Portal,Pacific_Ocean_Portal_factsheet_Final.pdf,Factsheet
2020 Vanuatu - Port Vila,Vanuatu.Port.Vila.2020.Tide.Calendar.Work.Plan.pdf,2020 Tidal Predication Calendar
2020 Vanuatu - Luganville Wharf,Vanuatu.Luganville.Wharf.2020.Tide.Calendar.Work.Plan.pdf,2020 Tidal Predication Calendar
2020 Tuvalu - Vaitupu,Tuvalu.Vaitupu.2020.Tide.Calendar.Work.Plan.pdf,2020 Tidal Predication Calendar
2020 Tuvalu - Funafuti,Tuvalu.Funafuti.2020.Tide.Calendar.Work.Plan.pdf,2020 Tidal Predication Calendar
2020 Tonga - Nukualofa,Tonga.Nukualofa.2020.Tide.Calendar.Work.Plan.pdf,2020 Tidal Predication Calendar
2020 Tonga - Neiafu,Tonga.Neiafu.2020.Tide.Calendar.Work.Plan.pdf,2020 Tidal Predication Calendar
2020 Solomon Islands -Honiara,Solomon.Islands.Honiara.2020.Tide.Calendar.Work.Plan.pdf,2020 Tidal Predication Calendar
2020 Solomon Islands - Tarekukure Wharf,Solomon.Islands.Tarekukure.Wharf.2020.Tide.Calendar.Work.Plan.pdf,2020 Tidal Predication Calendar
2020 Solomon Islands - Lata Wharf,Solomon.Islands.Lata.Wharf.2020.Tide.Calendar.Work.Plan.pdf,2020 Tidal Predication Calendar
2020 Samoa - Apia,Samoa.Apia.2020.Tide.Calendar.Work.Plan.pdf,2020 Tidal Predication Calendar
2020 Papua New Guinea - Port Moresby,Papua.New.Guinea.Port.Moresby.2020.Tide.Calendar.Work.Plan.pdf,2020 Tidal Predication Calendar
2020 Papua New Guinea - Lombrum,Papua.New.Guinea.Lombrum.2020.Tide.Calendar.Work.Plan.pdf,2020 Tidal Predication Calendar
2020 Palau,Palau.2020.Tide.Calendar.Work.Plan.pdf,2020 Tidal Predication Calendar
2020 Niue,Niue.2020.Tide.Calendar.Work.Plan.pdf,2020 Tidal Predication Calendar
2020 Nauru,Nauru.2020.Tide.Calendar.Work.Plan.pdf,2020 Tidal Predication Calendar
2020 Marshall Islands - Majuro,Marshall.Islands.Majuro.2020.Tide.Calendar.Work.Plan.pdf,2020 Tidal Predication Calendar
2020 Kiritimati,Kiritimati.2020.Tide.Calendar.Work.Plan.pdf,2020 Tidal Predication Calendar
2020 Kiribati - Kanton,Kiribati.Kanton.2020.Tide.Calendar.Work.Plan.pdf,2020 Tidal Predication Calendar
2020 Kiribati - Betio,Kiribati.Betio.2020.Tide.Calendar.Work.Plan.pdf,2020 Tidal Predication Calendar
2020 FSM - Pohnpei Harbour,Pohnpei.Harbour.FSM.2020.pdf,2020 Tidal Predication Calendar
2020 Fiji - Suva,Fiji.Suva.2020.Tide.Calendar.Work.Plan.pdf,2020 Tidal Predication Calendar
2020 Fiji - Lautoka,Fiji.Lautoka.2020.Tide.Calendar.Work.Plan.pdf,2020 Tidal Predication Calendar
2020 Cook Islands - Rarotonga,Cook.Islands.Rarotonga.2020.Tide.Calendar.Work.Plan.pdf,2020 Tidal Predication Calendar
2019 Vanuatu - Port Vila ,Vanuatu.Port.Vila.2019.Tide.Calendar.Work.Plan.pdf,2019 Tidal Predication Calendar
2019 Vanuatu - Luganville Wharf ,Vanuatu.Luganville.Wharf.2019.Tide.Calendar.Work.Plan.pdf,2019 Tidal Predication Calendar
2019 Tuvalu - Vaitupu ,Tuvalu.Vaitupu.2019.Tide.Calendar.Work.Plan.pdf,2019 Tidal Predication Calendar
2019 Tuvalu - Funafuti ,Tuvalu.Funafuti.2019.Tide.Calendar.Work.Plan.pdf,2019 Tidal Predication Calendar
2019 Tonga - Nukualofa ,Tonga.Nukualofa.2019.Tide.Calendar.Work.Plan.pdf,2019 Tidal Predication Calendar
2019 Tonga - Neiafu ,Tonga.Neiafu.2019.Tide.Calendar.Work.Plan.pdf,2019 Tidal Predication Calendar
2019 Solomon Islands - Tarekukure Wharf ,Solomon.Islands.Tarekukure.Wharf.2019.Tide.Calendar.Work.Plan.pdf,2019 Tidal Predication Calendar
2019 Solomon Islands - Lata Wharf ,Solomon.Islands.Lata.Wharf.2019.Tide.Calendar.Work.Plan.pdf,2019 Tidal Predication Calendar
2019 Solomon Islands - Honiara ,Solomon.Islands.Honiara.2019.Tide.Calendar.Work.Plan.pdf,2019 Tidal Predication Calendar
2019 Samoa - Apia ,Samoa.Apia.2019.Tide.Calendar.Work.Plan.pdf,2019 Tidal Predication Calendar
2019 Papua New Guinea - Port Moresby ,Papua.New.Guinea.Port.Moresby.2019.Tide.Calendar.Work.Plan.pdf,2019 Tidal Predication Calendar
2019 Papua New Guinea - Lombrum ,Papua.New.Guinea.Lombrum.2019.Tide.Calendar.Work.Plan.pdf,2019 Tidal Predication Calendar
2019 Palau ,Palau.2019.Tide.Calendar.Work.Plan.pdf,2019 Tidal Predication Calendar
2019 Niue ,Niue.2019.Tide.Calendar.Work.Plan.pdf,2019 Tidal Predication Calendar
2019 Nauru ,Nauru.2019.Tide.Calendar.Work.Plan.pdf,2019 Tidal Predication Calendar
2019 Marshall Islands - Majuro ,Marshall.Islands.Majuro.2019.Tide.Calendar.Work.Plan.pdf,2019 Tidal Predication Calendar
2019 Kiritimati ,Kiritimati.2019.Tide.Calendar.Work.Plan.pdf,2019 Tidal Predication Calendar
2019 Kiribati - Kanton ,Kiribati.Kanton.2019.Tide.Calendar.Work.Plan.pdf,2019 Tidal Predication Calendar
2019 Kiribati - Betio ,Kiribati.Betio.2019.Tide.Calendar.Work.Plan.pdf,2019 Tidal Predication Calendar
2019 FSM - Pohnpei Harbour ,Pohnpei.Harbour.FSM.2019.pdf,2019 Tidal Predication Calendar
2019 Fiji - Suva ,Fiji.Suva.2019.Tide.Calendar.Work.Plan.pdf,2019 Tidal Predication Calendar
2019 Fiji - Lautoka ,Fiji.Lautoka.2019.Tide.Calendar.Work.Plan.pdf,2019 Tidal Predication Calendar
2019 Cook Islands - Rarotonga ,Cook.Islands.Rarotonga.2019.Tide.Calendar.Work.Plan.pdf,2019 Tidal Predication Calendar
2018 Vanuatu - Port Vila,IDO60044.2018.pdf,2018 Tidal Predication Calendar
2018 Vanuatu - Luganville,IDO60057.2018.pdf,2018 Tidal Predication Calendar
2018 Tuvalu - Funafuti,IDO60051.2018.pdf,2018 Tidal Predication Calendar
2018 Tonga - Nuku'alofa,IDO60047.2018.pdf,2018 Tidal Predication Calendar
2018 Tonga - Neiafu,IDO60060.2018.pdf,2018 Tidal Predication Calendar
2018 Solomon Islands - Tarekukure Wharf,IDO60059.2018.pdf,2018 Tidal Predication Calendar
2018 Solomon Islands - Lata Wharf,IDO60058.2018.pdf,2018 Tidal Predication Calendar
2018 Solomon Islands - Honiara,IDO60043.2018.pdf,2018 Tidal Predication Calendar
2018 Samoa – Apia,IDO60048.2018.pdf,2018 Tidal Predication Calendar
2018 Papua New Guinea - Port Moresby,IDO60041.2018.pdf,2018 Tidal Predication Calendar
2018 Papua New Guinea - Lombrum,IDO60042.2018.pdf,2018 Tidal Predication Calendar
2018 Niue Island,IDO60046.2018.pdf,2018 Tidal Predication Calendar
2018 Nauru,IDO60053.2018.pdf,2018 Tidal Predication Calendar
2018 Marshall Islands - Majuro,IDO60054.2018.pdf,2018 Tidal Predication Calendar
"2018 Malakal, Palau Islands",IDO60056.2018.pdf,2018 Tidal Predication Calendar
2018 Kiribati - Tarawa,IDO60052.2018.pdf,2018 Tidal Predication Calendar
2018 Fiji – Suva,IDO60049.2018.pdf,2018 Tidal Predication Calendar
2018 Fiji – Lautoka,IDO60050.2018.pdf,2018 Tidal Predication Calendar
2018 Federated States of Micronesia - Pohnpei Harbour,IDO60055.2018.pdf,2018 Tidal Predication Calendar
2018 Cook Islands - Rarotonga,IDO60045.2018.pdf,2018 Tidal Predication Calendar
